StartDate,EndDate,Status,IPAddress,Progress,Duration (in seconds),Finished,RecordedDate,ResponseId,RecipientLastName,RecipientFirstName,RecipientEmail,ExternalReference,LocationLatitude,LocationLongitude,DistributionChannel,UserLanguage,meta_info_Browser,meta_info_Version,meta_info_Operating System,meta_info_Resolution,_consent,locationFilter,ageFilter,genderFilter,q_main_energy_ov,q_climate_policy_ov_1,q_energy_policy_ov_1,q_coal_sub_ov,q_elec_sub_ov,will_to_bear_cost,climate_policy_sup_1,choice_set_1,likert_1_1,likert_1_2,choice_set_2,likert_2_1,likert_2_2,choice_set_3,likert_3_1,likert_3_2,choice_set_4,likert_4_1,likert_4_2,choice_set_5,likert_5_1,likert_5_2,choice_set_6,likert_6_1,likert_6_2,justice_1,justice_2,justice_3,justice_4,trust_in_government_1,trust_in_government_2,trust_in_government_3,household_members_12,household_income,opinion_coal_ind,feedback,SC0,uid,redirect_link,soval,district,age,st,phone_indicator,pageTimer,QuestionsShown,treatment_status,version,attribute_1_level_1,attribute_1_level_2,attribute_1_level_3,attribute_1_level_4,a_1_levels,attribute_2_level_1,attribute_2_level_2,attribute_2_level_3,attribute_2_level_4,attribute_2_level_5,a_2_levels,attribute_3_level_1,attribute_3_level_2,attribute_3_level_3,attribute_3_level_4,a_3_levels,attribute_4_level_1,attribute_4_level_2,attribute_4_level_3,attribute_4_level_4,attribute_4_level_5,attribute_4_level_6,a_4_levels,attribute_5_level_1,attribute_5_level_2,attribute_5_level_3,attribute_5_level_4,a_5_levels,attribute_6_level_1,attribute_6_level_2,attribute_6_level_3,a_6_levels,time_round_1,time_round_2,time_round_3,time_round_4,time_round_5,time_round_6,round_1_att_1_a,round_1_att_1_b,round_1_att_2_a,round_1_att_2_b,round_1_att_3_a,round_1_att_3_b,round_1_att_4_a,round_1_att_4_b,round_1_att_5_a,round_1_att_5_b,round_1_att_6_a,round_1_att_6_b,round_2_att_1_a,round_2_att_1_b,round_2_att_2_a,round_2_att_2_b,round_2_att_3_a,round_2_att_3_b,round_2_att_4_a,round_2_att_4_b,round_2_att_5_a,round_2_att_5_b,round_2_att_6_a,round_2_att_6_b,round_3_att_1_a,round_3_att_1_b,round_3_att_2_a,round_3_att_2_b,round_3_att_3_a,round_3_att_3_b,round_3_att_4_a,round_3_att_4_b,round_3_att_5_a,round_3_att_5_b,round_3_att_6_a,round_3_att_6_b,round_4_att_1_a,round_4_att_1_b,round_4_att_2_a,round_4_att_2_b,round_4_att_3_a,round_4_att_3_b,round_4_att_4_a,round_4_att_4_b,round_4_att_5_a,round_4_att_5_b,round_4_att_6_a,round_4_att_6_b,round_5_att_1_a,round_5_att_1_b,round_5_att_2_a,round_5_att_2_b,round_5_att_3_a,round_5_att_3_b,round_5_att_4_a,round_5_att_4_b,round_5_att_5_a,round_5_att_5_b,round_5_att_6_a,round_5_att_6_b,round_6_att_1_a,round_6_att_1_b,round_6_att_2_a,round_6_att_2_b,round_6_att_3_a,round_6_att_3_b,round_6_att_4_a,round_6_att_4_b,round_6_att_5_a,round_6_att_5_b,round_6_att_6_a,round_6_att_6_b,choice_1,choice_2,choice_3,choice_4,choice_5,choice_6,rating_A_1,rating_A_2,rating_A_3,rating_A_4,rating_A_5,rating_A_6,rating_B_1,rating_B_2,rating_B_3,rating_B_4,rating_B_5,rating_B_6,potentially_unengaged,income_1,income_2,income_3,income_4,income_5,income_6,income_7,income_8,income_9,household_members,income_group
Start Date,End Date,Response Type,IP Address,Progress,Duration (in seconds),Finished,Recorded Date,Response ID,Recipient Last Name,Recipient First Name,Recipient Email,External Data Reference,Location Latitude,Location Longitude,Distribution Channel,User Language,Click to write the question text - Browser,Click to write the question text - Version,Click to write the question text - Operating System,Click to write the question text - Resolution,"▶ Double click to read the declaration of consent   

 


 I have been informed that my participation is completely voluntary.
 I understand that I may withdraw my consent to participate in this study at any time without giving any reason and without personal disadvantage.
 Upon revocation of my consent to participate in the study, I have the right to have all of my personal data stored as part of this study deleted. If the data have already been anonymized, this is equivalent to deletion of the data. I hereby consent to the processing of my personal data for the research purposes described above in the manner described above.




What happens to my data? 

It goes without saying that all staff and researchers involved in the project work in accordance with the provisions of the General Data Protection Regulation, the Federal Data Protection Act, and the relevant state data protection laws. For the project, we work together with research facilities, universities, institutes, or laboratories in the EU. These are also obliged to comply with data protection. Your data will be stored anonymously immediately after collection and then statistically analyzed. No conclusions can subsequently be drawn about you from the results. The data is stored on a server within the EU, which is not operated by IDOS.","As this survey is aiming to collected responses across all age groups and regions across India...

 

Please provide us with information of which region you are from:",Please provide us with your age:,Please provide us with your gender:,"It is very helpful for us to understand how much people know about their country's electricity and energy consumption and production. In this part we therefore ask you to take your best guess!



Do not worry, your answer will not follow any consequences in the rest of the survey!



In your best guess, which is the main fuel for electricity production in India?","We would like to know a couple of things about your relationship with energy and climate policies. 



How familiar are you with your governments efforts to address  environmental issues and reduce greenhouse gas emissions? - 7",How familiar are you with your governments efforts to address energy issues and secure energy access to the population? - 7,"Do you think that your government provides financial support to the production of coal in your country?

If you do not know, even your guess gives us valuable insight!","Do you think that your government provides financial support to the pricing of electricity in your country?

If you do not know, even your guess gives us valuable insight!",Are you generally willing to bear higher costs or to change your behavior and lifestyle in order to protect the climate?,To what extent do you support policies to protect the climate and reduce emissions? - 8,"Round 1 of 6  
Please compare the two proposals, A and B, and select the one you prefer of the two. If you do not prefer any, please choose none of them.




Proposals

To decrease emissions, your government plans to:

In parallel to reducing the use of coal, your government will:

To address negative economic consequences of coal regions, the government will:

To assure that the energy transition from coal to renewables is just and fair, the government will:

The international community, and especially richer countries, will:

...and...



A

[Field-round_1_att_1_a]

[Field-round_1_att_2_a]

[Field-round_1_att_3_a]

[Field-round_1_att_4_a]

[Field-round_1_att_5_a]

[Field-round_1_att_6_a]



B

[Field-round_1_att_1_b]

[Field-round_1_att_2_b]

[Field-round_1_att_3_b]

[Field-round_1_att_4_b]

[Field-round_1_att_5_b]

[Field-round_1_att_6_b]",Please answer the following questions: - How much do you like proposal A?,Please answer the following questions: - How much do you like proposal B?,"Round 2 of 6  
Please compare the two proposals, A and B, and select the one you prefer of the two. If you do not prefer any, please choose none of them.



  
  
    Proposals

To decrease emissions, your government plans to:

In parallel to reducing the use of coal, your government will:

To address negative economic consequences of coal regions, the government will:

To assure that the energy transition from coal to renewables is just and fair, the government will:

The international community, and especially richer countries, will:

...and...
  

  
  
    A

    [Field-round_2_att_1_a]

    [Field-round_2_att_2_a]

    [Field-round_2_att_3_a]

    [Field-round_2_att_4_a]

    [Field-round_2_att_5_a]

    [Field-round_2_att_6_a]
  

  
  
    B

    [Field-round_2_att_1_b]

    [Field-round_2_att_2_b]

    [Field-round_2_att_3_b]

    [Field-round_2_att_4_b]

    [Field-round_2_att_5_b]

    [Field-round_2_att_6_b]",Click to write the question text - How much do you like proposal A?,Click to write the question text - How much do you like proposal B?,"Round 3 of 6  
Please compare the two proposals, A and B, and select the one you prefer of the two. If you do not prefer any, please choose none of them.



  
  
    Proposals

To decrease emissions, your government plans to:

In parallel to reducing the use of coal, your government will:

To address negative economic consequences of coal regions, the government will:

To assure that the energy transition from coal to renewables is just and fair, the government will:

The international community, and especially richer countries, will:

...and...
  

  
  
    A

    [Field-round_3_att_1_a]

    [Field-round_3_att_2_a]

    [Field-round_3_att_3_a]

    [Field-round_3_att_4_a]

    [Field-round_3_att_5_a]

    [Field-round_3_att_6_a]
  

  
  
    B

    [Field-round_3_att_1_b]

    [Field-round_3_att_2_b]

    [Field-round_3_att_3_b]

    [Field-round_3_att_4_b]

    [Field-round_3_att_5_b]

    [Field-round_3_att_6_b]",Please answer the following questions: - How much do you like proposal A?,Please answer the following questions: - How much do you like proposal B?,"Round 4 of 6  
Please compare the two proposals, A and B, and select the one you prefer of the two. If you do not prefer any, please choose none of them.



  
  
    Proposals

To decrease emissions, your government plans to:

In parallel to reducing the use of coal, your government will:

To address negative economic consequences of coal regions, the government will:

To assure that the energy transition from coal to renewables is just and fair, the government will:

The international community, and especially richer countries, will:

...and...
  

  
  
    A

    [Field-round_4_att_1_a]

    [Field-round_4_att_2_a]

    [Field-round_4_att_3_a]

    [Field-round_4_att_4_a]

    [Field-round_4_att_5_a]

    [Field-round_4_att_6_a]
  

  
  
    B

    [Field-round_4_att_1_b]

    [Field-round_4_att_2_b]

    [Field-round_4_att_3_b]

    [Field-round_4_att_4_b]

    [Field-round_4_att_5_b]

    [Field-round_4_att_6_b]",Please answer the following questions: - How much do you like proposal A?,Please answer the following questions: - How much do you like proposal B?,"Round 5 of 6  
Please compare the two proposals, A and B, and select the one you prefer of the two. If you do not prefer any, please choose none of them.



  
  
    Proposals

To decrease emissions, your government plans to:

In parallel to reducing the use of coal, your government will:

To address negative economic consequences of coal regions, the government will:

To assure that the energy transition from coal to renewables is just and fair, the government will:

The international community, and especially richer countries, will:

...and...
  

  
  
    A

    [Field-round_5_att_1_a]

    [Field-round_5_att_2_a]

    [Field-round_5_att_3_a]

    [Field-round_5_att_4_a]

    [Field-round_5_att_5_a]

    [Field-round_5_att_6_a]
  

  
  
    B

    [Field-round_5_att_1_b]

    [Field-round_5_att_2_b]

    [Field-round_5_att_3_b]

    [Field-round_5_att_4_b]

    [Field-round_5_att_5_b]

    [Field-round_5_att_6_b]",Please answer the following questions: - How much do you like proposal A?,Please answer the following questions: - How much do you like proposal B?,"Round 6 of 6  
Please compare the two proposals, A and B, and select the one you prefer of the two. If you do not prefer any, please choose none of them.



  
  
    Proposals

To decrease emissions, your government plans to:

In parallel to reducing the use of coal, your government will:

To address negative economic consequences of coal regions, the government will:

To assure that the energy transition from coal to renewables is just and fair, the government will:

The international community, and especially richer countries, will:

...and...
  

  
  
    A

    [Field-round_6_att_1_a]

    [Field-round_6_att_2_a]

    [Field-round_6_att_3_a]

    [Field-round_6_att_4_a]

    [Field-round_6_att_5_a]

    [Field-round_6_att_6_a]
  

  
  
    B

    [Field-round_6_att_1_b]

    [Field-round_6_att_2_b]

    [Field-round_6_att_3_b]

    [Field-round_6_att_4_b]

    [Field-round_6_att_5_b]

    [Field-round_6_att_6_b]",Please answer the following questions: - How much do you like proposal A?,Please answer the following questions: - How much do you like proposal B?,"We will now wrap up the survey, by asking some last questions. 






How important are the following in the context of an energy transition? 

Please indicate how important you think the different context are on a scale from not at all important to extremely important. You will be shown one context at a time. - Procedural justice: 
Access to decision-making processes that govern the energy transition should be equitable and the procedure should engage all stakeholders in a non-discriminatory way.","We will now wrap up the survey, by asking some last questions. 






How important are the following in the context of an energy transition? 

Please indicate how important you think the different context are on a scale from not at all important to extremely important. You will be shown one context at a time. - Distributive justice: 
The distribution of costs and benefits from the energy transition should be just and fair.","We will now wrap up the survey, by asking some last questions. 






How important are the following in the context of an energy transition? 

Please indicate how important you think the different context are on a scale from not at all important to extremely important. You will be shown one context at a time. - Recognitional justice: 

Individuals must be fairly represented in the energy transition process, free from physical threats and granted complete and equal political rights. A lack of recognition can manifest as various forms of cultural and political domination, insults, degradation and devaluation","We will now wrap up the survey, by asking some last questions. 






How important are the following in the context of an energy transition? 

Please indicate how important you think the different context are on a scale from not at all important to extremely important. You will be shown one context at a time. - Restorative justice:

In the energy transition focus should be on the needs of the victims, such as nations, citizens and nature. It restores them to their original position prior to a damaging activity.",Below you will find 3 statements. Please indicate how much you agree with the statements on a scale from Strongly Disagree to Strongly Agree. - The government will take many perspectives into account when making a decision about policies to decrease the consumption of coal.,Below you will find 3 statements. Please indicate how much you agree with the statements on a scale from Strongly Disagree to Strongly Agree. - The government provides all of the available information to the public when making a decision about policies to decrease the consumption of coal.,"Below you will find 3 statements. Please indicate how much you agree with the statements on a scale from Strongly Disagree to Strongly Agree. - In general, I trust the government.","In order to understand respondents answers, it helps to know a bit more about their life situation.



First, please indicate the total amount of adults with household income in the box below. With adult we mean any person in the household, contributing with income. - Number of adults in household:","Monthly household income means the total amount of income in the household you live within, over one month. You provided that you were [Field-household_members] adults in your household. 



Please find the corresponding interval:","In our two last question, we are interested in what you think! 



To answer is completely voluntarily. However, anything you write is valuable for us!



Do you have any thoughts about the role of the coal industry in [QID96-ChoiceGroup-SelectedChoices] after doing this survey?","Finally, we would really appreciate hearing what you think about the survey and your experience. Please write a short sentence (or more if you like) about how you found this survey.",Score,uid,redirect_link,soval,district,age,st,phone_indicator,pageTimer,QuestionsShown,treatment_status,version,attribute_1_level_1,attribute_1_level_2,attribute_1_level_3,attribute_1_level_4,a_1_levels,attribute_2_level_1,attribute_2_level_2,attribute_2_level_3,attribute_2_level_4,attribute_2_level_5,a_2_levels,attribute_3_level_1,attribute_3_level_2,attribute_3_level_3,attribute_3_level_4,a_3_levels,attribute_4_level_1,attribute_4_level_2,attribute_4_level_3,attribute_4_level_4,attribute_4_level_5,attribute_4_level_6,a_4_levels,attribute_5_level_1,attribute_5_level_2,attribute_5_level_3,attribute_5_level_4,a_5_levels,attribute_6_level_1,attribute_6_level_2,attribute_6_level_3,a_6_levels,time_round_1,time_round_2,time_round_3,time_round_4,time_round_5,time_round_6,round_1_att_1_a,round_1_att_1_b,round_1_att_2_a,round_1_att_2_b,round_1_att_3_a,round_1_att_3_b,round_1_att_4_a,round_1_att_4_b,round_1_att_5_a,round_1_att_5_b,round_1_att_6_a,round_1_att_6_b,round_2_att_1_a,round_2_att_1_b,round_2_att_2_a,round_2_att_2_b,round_2_att_3_a,round_2_att_3_b,round_2_att_4_a,round_2_att_4_b,round_2_att_5_a,round_2_att_5_b,round_2_att_6_a,round_2_att_6_b,round_3_att_1_a,round_3_att_1_b,round_3_att_2_a,round_3_att_2_b,round_3_att_3_a,round_3_att_3_b,round_3_att_4_a,round_3_att_4_b,round_3_att_5_a,round_3_att_5_b,round_3_att_6_a,round_3_att_6_b,round_4_att_1_a,round_4_att_1_b,round_4_att_2_a,round_4_att_2_b,round_4_att_3_a,round_4_att_3_b,round_4_att_4_a,round_4_att_4_b,round_4_att_5_a,round_4_att_5_b,round_4_att_6_a,round_4_att_6_b,round_5_att_1_a,round_5_att_1_b,round_5_att_2_a,round_5_att_2_b,round_5_att_3_a,round_5_att_3_b,round_5_att_4_a,round_5_att_4_b,round_5_att_5_a,round_5_att_5_b,round_5_att_6_a,round_5_att_6_b,round_6_att_1_a,round_6_att_1_b,round_6_att_2_a,round_6_att_2_b,round_6_att_3_a,round_6_att_3_b,round_6_att_4_a,round_6_att_4_b,round_6_att_5_a,round_6_att_5_b,round_6_att_6_a,round_6_att_6_b,choice_1,choice_2,choice_3,choice_4,choice_5,choice_6,rating_A_1,rating_A_2,rating_A_3,rating_A_4,rating_A_5,rating_A_6,rating_B_1,rating_B_2,rating_B_3,rating_B_4,rating_B_5,rating_B_6,potentially_unengaged,income_1,income_2,income_3,income_4,income_5,income_6,income_7,income_8,income_9,household_members,income_group
"{""ImportId"":""startDate"",""timeZone"":""Europe/Berlin""}","{""ImportId"":""endDate"",""timeZone"":""Europe/Berlin""}","{""ImportId"":""status""}","{""ImportId"":""ipAddress""}","{""ImportId"":""progress""}","{""ImportId"":""duration""}","{""ImportId"":""finished""}","{""ImportId"":""recordedDate"",""timeZone"":""Europe/Berlin""}","{""ImportId"":""_recordId""}","{""ImportId"":""recipientLastName""}","{""ImportId"":""recipientFirstName""}","{""ImportId"":""recipientEmail""}","{""ImportId"":""externalDataReference""}","{""ImportId"":""locationLatitude""}","{""ImportId"":""locationLongitude""}","{""ImportId"":""distributionChannel""}","{""ImportId"":""userLanguage""}","{""ImportId"":""QID51_BROWSER""}","{""ImportId"":""QID51_VERSION""}","{""ImportId"":""QID51_OS""}","{""ImportId"":""QID51_RESOLUTION""}","{""ImportId"":""QID29""}","{""ImportId"":""QID96""}","{""ImportId"":""QID97_TEXT""}","{""ImportId"":""QID101""}","{""ImportId"":""QID3""}","{""ImportId"":""QID31_7""}","{""ImportId"":""QID32_7""}","{""ImportId"":""QID30""}","{""ImportId"":""QID86""}","{""ImportId"":""QID34""}","{""ImportId"":""QID35_8""}","{""ImportId"":""QID10""}","{""ImportId"":""QID12_1""}","{""ImportId"":""QID12_4""}","{""ImportId"":""QID14""}","{""ImportId"":""QID15_1""}","{""ImportId"":""QID15_4""}","{""ImportId"":""QID18""}","{""ImportId"":""QID19_1""}","{""ImportId"":""QID19_4""}","{""ImportId"":""QID20""}","{""ImportId"":""QID21_1""}","{""ImportId"":""QID21_4""}","{""ImportId"":""QID22""}","{""ImportId"":""QID23_1""}","{""ImportId"":""QID23_4""}","{""ImportId"":""QID16""}","{""ImportId"":""QID17_1""}","{""ImportId"":""QID17_4""}","{""ImportId"":""QID78_1""}","{""ImportId"":""QID78_2""}","{""ImportId"":""QID78_3""}","{""ImportId"":""QID78_8""}","{""ImportId"":""QID44_1""}","{""ImportId"":""QID44_4""}","{""ImportId"":""QID44_5""}","{""ImportId"":""QID82_12""}","{""ImportId"":""QID89""}","{""ImportId"":""QID36_TEXT""}","{""ImportId"":""QID24_TEXT""}","{""ImportId"":""SC_6mW1z5YjbCFVBL8""}","{""ImportId"":""uid""}","{""ImportId"":""redirect_link""}","{""ImportId"":""soval""}","{""ImportId"":""district""}","{""ImportId"":""age""}","{""ImportId"":""st""}","{""ImportId"":""phone_indicator""}","{""ImportId"":""pageTimer""}","{""ImportId"":""QuestionsShown""}","{""ImportId"":""treatment_status""}","{""ImportId"":""version""}","{""ImportId"":""attribute_1_level_1""}","{""ImportId"":""attribute_1_level_2""}","{""ImportId"":""attribute_1_level_3""}","{""ImportId"":""attribute_1_level_4""}","{""ImportId"":""a_1_levels""}","{""ImportId"":""attribute_2_level_1""}","{""ImportId"":""attribute_2_level_2""}","{""ImportId"":""attribute_2_level_3""}","{""ImportId"":""attribute_2_level_4""}","{""ImportId"":""attribute_2_level_5""}","{""ImportId"":""a_2_levels""}","{""ImportId"":""attribute_3_level_1""}","{""ImportId"":""attribute_3_level_2""}","{""ImportId"":""attribute_3_level_3""}","{""ImportId"":""attribute_3_level_4""}","{""ImportId"":""a_3_levels""}","{""ImportId"":""attribute_4_level_1""}","{""ImportId"":""attribute_4_level_2""}","{""ImportId"":""attribute_4_level_3""}","{""ImportId"":""attribute_4_level_4""}","{""ImportId"":""attribute_4_level_5""}","{""ImportId"":""attribute_4_level_6""}","{""ImportId"":""a_4_levels""}","{""ImportId"":""attribute_5_level_1""}","{""ImportId"":""attribute_5_level_2""}","{""ImportId"":""attribute_5_level_3""}","{""ImportId"":""attribute_5_level_4""}","{""ImportId"":""a_5_levels""}","{""ImportId"":""attribute_6_level_1""}","{""ImportId"":""attribute_6_level_2""}","{""ImportId"":""attribute_6_level_3""}","{""ImportId"":""a_6_levels""}","{""ImportId"":""time_round_1""}","{""ImportId"":""time_round_2""}","{""ImportId"":""time_round_3""}","{""ImportId"":""time_round_4""}","{""ImportId"":""time_round_5""}","{""ImportId"":""time_round_6""}","{""ImportId"":""round_1_att_1_a""}","{""ImportId"":""round_1_att_1_b""}","{""ImportId"":""round_1_att_2_a""}","{""ImportId"":""round_1_att_2_b""}","{""ImportId"":""round_1_att_3_a""}","{""ImportId"":""round_1_att_3_b""}","{""ImportId"":""round_1_att_4_a""}","{""ImportId"":""round_1_att_4_b""}","{""ImportId"":""round_1_att_5_a""}","{""ImportId"":""round_1_att_5_b""}","{""ImportId"":""round_1_att_6_a""}","{""ImportId"":""round_1_att_6_b""}","{""ImportId"":""round_2_att_1_a""}","{""ImportId"":""round_2_att_1_b""}","{""ImportId"":""round_2_att_2_a""}","{""ImportId"":""round_2_att_2_b""}","{""ImportId"":""round_2_att_3_a""}","{""ImportId"":""round_2_att_3_b""}","{""ImportId"":""round_2_att_4_a""}","{""ImportId"":""round_2_att_4_b""}","{""ImportId"":""round_2_att_5_a""}","{""ImportId"":""round_2_att_5_b""}","{""ImportId"":""round_2_att_6_a""}","{""ImportId"":""round_2_att_6_b""}","{""ImportId"":""round_3_att_1_a""}","{""ImportId"":""round_3_att_1_b""}","{""ImportId"":""round_3_att_2_a""}","{""ImportId"":""round_3_att_2_b""}","{""ImportId"":""round_3_att_3_a""}","{""ImportId"":""round_3_att_3_b""}","{""ImportId"":""round_3_att_4_a""}","{""ImportId"":""round_3_att_4_b""}","{""ImportId"":""round_3_att_5_a""}","{""ImportId"":""round_3_att_5_b""}","{""ImportId"":""round_3_att_6_a""}","{""ImportId"":""round_3_att_6_b""}","{""ImportId"":""round_4_att_1_a""}","{""ImportId"":""round_4_att_1_b""}","{""ImportId"":""round_4_att_2_a""}","{""ImportId"":""round_4_att_2_b""}","{""ImportId"":""round_4_att_3_a""}","{""ImportId"":""round_4_att_3_b""}","{""ImportId"":""round_4_att_4_a""}","{""ImportId"":""round_4_att_4_b""}","{""ImportId"":""round_4_att_5_a""}","{""ImportId"":""round_4_att_5_b""}","{""ImportId"":""round_4_att_6_a""}","{""ImportId"":""round_4_att_6_b""}","{""ImportId"":""round_5_att_1_a""}","{""ImportId"":""round_5_att_1_b""}","{""ImportId"":""round_5_att_2_a""}","{""ImportId"":""round_5_att_2_b""}","{""ImportId"":""round_5_att_3_a""}","{""ImportId"":""round_5_att_3_b""}","{""ImportId"":""round_5_att_4_a""}","{""ImportId"":""round_5_att_4_b""}","{""ImportId"":""round_5_att_5_a""}","{""ImportId"":""round_5_att_5_b""}","{""ImportId"":""round_5_att_6_a""}","{""ImportId"":""round_5_att_6_b""}","{""ImportId"":""round_6_att_1_a""}","{""ImportId"":""round_6_att_1_b""}","{""ImportId"":""round_6_att_2_a""}","{""ImportId"":""round_6_att_2_b""}","{""ImportId"":""round_6_att_3_a""}","{""ImportId"":""round_6_att_3_b""}","{""ImportId"":""round_6_att_4_a""}","{""ImportId"":""round_6_att_4_b""}","{""ImportId"":""round_6_att_5_a""}","{""ImportId"":""round_6_att_5_b""}","{""ImportId"":""round_6_att_6_a""}","{""ImportId"":""round_6_att_6_b""}","{""ImportId"":""choice_1""}","{""ImportId"":""choice_2""}","{""ImportId"":""choice_3""}","{""ImportId"":""choice_4""}","{""ImportId"":""choice_5""}","{""ImportId"":""choice_6""}","{""ImportId"":""rating_A_1""}","{""ImportId"":""rating_A_2""}","{""ImportId"":""rating_A_3""}","{""ImportId"":""rating_A_4""}","{""ImportId"":""rating_A_5""}","{""ImportId"":""rating_A_6""}","{""ImportId"":""rating_B_1""}","{""ImportId"":""rating_B_2""}","{""ImportId"":""rating_B_3""}","{""ImportId"":""rating_B_4""}","{""ImportId"":""rating_B_5""}","{""ImportId"":""rating_B_6""}","{""ImportId"":""potentially_unengaged""}","{""ImportId"":""income_1""}","{""ImportId"":""income_2""}","{""ImportId"":""income_3""}","{""ImportId"":""income_4""}","{""ImportId"":""income_5""}","{""ImportId"":""income_6""}","{""ImportId"":""income_7""}","{""ImportId"":""income_8""}","{""ImportId"":""income_9""}","{""ImportId"":""household_members""}","{""ImportId"":""income_group""}"
8/25/2023 16:30,8/25/2023 16:32,IP Address,131.220.115.229,100,137,TRUE,8/25/2023 16:32,R_12xtkJnnJd4dKN0,,,,,50.7263,7.0932,anonymous,EN,Chrome,116.0.0.0,Windows NT 10.0,1920x1080,"Yes, I hereby give my consent.",West Bengal,34,Male,Wind,Very unfamiliar,Neutral,Yes,No,No,Somewhat supportive,A,Like,Neutral,A,Somewhat Like,Neutral,B,Somewhat Dislike,Somewhat Like,B,Strongly Dislike,Strongly Like,B,Neutral,Strongly Like,B,Like,Strongly Like,Slightly important,Moderately important,Not at all important,Moderately important,Somewhat disagree,Neither agree nor disagree,Agree,2,₹${e://Field/income_2} - ₹${e://Field/income_3},good,great,3,,https://die.fra1.qualtrics.com/jfe/form/SV_3xZ7TlIpbocdeHc,,4,34,3,1920x1080,1.69E+12,1,treated,,Reduce the use of coal and increase the use of all alternative energy sources,Reduce the use of coal and increase the use of renewable energy sources,Eliminate coal use and only use alternative energy sources by 2050,Eliminate coal use and only use renewable energy sources by 2050,4,Implement no additional policy,Try to expand energy access to all citizens,Ensure that energy prices are low,Implement insurance programs for coal workers if they lose their job,Invest in health and education,5,Implement no additional policy,Facilitate training for coal workers to transition to new industries,Facilitate renewable energy industry within coal regions,Facilitate restructuring of coal regions based on identity/history of the area,4,Lead the process alone,Form a commission with different actors especially including local government,Form a commission with different actors especially including civil society groups,Form a commission with different actors especially including researchers,Form a commission with different actors especially including businesses,Form a commission with different actors especially including labor unions,6,Provide India with financial and technical support,Provide India with only financial support,Provide India with only technical support,Leave financial and technical issues to India,4,take minor actions to drastically cut their own emissions,take moderate actions to drastically cut their own emissions,take significant actions to drastically cut their own emissions,3,7729,5027,3646,4269,4108,5568,Eliminate coal use and only use alternative energy sources by 2050,Eliminate coal use and only use alternative energy sources by 2050,Implement insurance programs for coal workers if they lose their job,Implement insurance programs for coal workers if they lose their job,Facilitate training for coal workers to transition to new industries,Facilitate restructuring of coal regions based on identity/history of the area,Form a commission with different actors especially including researchers,Form a commission with different actors especially including businesses,Provide India with only technical support,Provide India with only financial support,take significant actions to drastically cut their own emissions,take significant actions to drastically cut their own emissions,Eliminate coal use and only use renewable energy sources by 2050,Reduce the use of coal and increase the use of renewable energy sources,Implement no additional policy,Implement no additional policy,Facilitate renewable energy industry within coal regions,Facilitate renewable energy industry within coal regions,Form a commission with different actors especially including businesses,Lead the process alone,Provide India with financial and technical support,Leave financial and technical issues to India,take significant actions to drastically cut their own emissions,take moderate actions to drastically cut their own emissions,Eliminate coal use and only use renewable energy sources by 2050,Reduce the use of coal and increase the use of renewable energy sources,Ensure that energy prices are low,Ensure that energy prices are low,Facilitate restructuring of coal regions based on identity/history of the area,Facilitate restructuring of coal regions based on identity/history of the area,Form a commission with different actors especially including labor unions,Form a commission with different actors especially including researchers,Provide India with only technical support,Provide India with financial and technical support,take minor actions to drastically cut their own emissions,take significant actions to drastically cut their own emissions,Reduce the use of coal and increase the use of renewable energy sources,Reduce the use of coal and increase the use of all alternative energy sources,Try to expand energy access to all citizens,Implement no additional policy,Implement no additional policy,Facilitate restructuring of coal regions based on identity/history of the area,Form a commission with different actors especially including businesses,Form a commission with different actors especially including local government,Leave financial and technical issues to India,Leave financial and technical issues to India,take moderate actions to drastically cut their own emissions,take minor actions to drastically cut their own emissions,Reduce the use of coal and increase the use of all alternative energy sources,Reduce the use of coal and increase the use of renewable energy sources,Ensure that energy prices are low,Implement insurance programs for coal workers if they lose their job,Facilitate restructuring of coal regions based on identity/history of the area,Facilitate training for coal workers to transition to new industries,Form a commission with different actors especially including local government,Form a commission with different actors especially including businesses,Provide India with only technical support,Provide India with only technical support,take significant actions to drastically cut their own emissions,take significant actions to drastically cut their own emissions,Eliminate coal use and only use alternative energy sources by 2050,Eliminate coal use and only use alternative energy sources by 2050,Invest in health and education,Implement insurance programs for coal workers if they lose their job,Facilitate training for coal workers to transition to new industries,Implement no additional policy,Lead the process alone,Form a commission with different actors especially including researchers,Provide India with only financial support,Leave financial and technical issues to India,take moderate actions to drastically cut their own emissions,take moderate actions to drastically cut their own emissions,1,1,2,2,2,2,6,5,3,1,4,6,4,4,5,7,7,7,0,7600,23000,28000,33000,39000,46600,56800,74000,119000,2,3
8/25/2023 16:33,8/25/2023 16:36,IP Address,131.220.115.228,100,171,TRUE,8/25/2023 16:36,R_2uJ1JXMb71eamEV,,,,,50.7263,7.0932,anonymous,EN,Safari iPhone,16.1,iPhone,390x844,"Yes, I hereby give my consent.",Dadra and Nagar Haveli and Daman & Diu,25,Male,Gas,Somewhat unfamiliar,Somewhat unfamiliar,No,Yes,Yes,Quite unsupportive,A,Like,Somewhat Dislike,B,Dislike,Somewhat Dislike,B,Somewhat Dislike,Strongly Like,B,Dislike,Neutral,A,Dislike,Strongly Dislike,None of them,Neutral,Somewhat Like,Moderately important,Slightly important,Very important,Slightly important,Somewhat disagree,Neither agree nor disagree,Neither agree nor disagree,3,₹${e://Field/income_7} - ₹${e://Field/income_8},Great,Goof,8,,https://die.fra1.qualtrics.com/jfe/form/SV_3xZ7TlIpbocdeHc,,5,25,3,390x844,1.69E+12,1,control,,Reduce the use of coal and increase the use of all alternative energy sources,Reduce the use of coal and increase the use of renewable energy sources,Eliminate coal use and only use alternative energy sources by 2050,Eliminate coal use and only use renewable energy sources by 2050,4,Implement no additional policy,Try to expand energy access to all citizens,Ensure that energy prices are low,Implement insurance programs for coal workers if they lose their job,Invest in health and education,5,Implement no additional policy,Facilitate training for coal workers to transition to new industries,Facilitate renewable energy industry within coal regions,Facilitate restructuring of coal regions based on identity/history of the area,4,Lead the process alone,Form a commission with different actors especially including local government,Form a commission with different actors especially including civil society groups,Form a commission with different actors especially including researchers,Form a commission with different actors especially including businesses,Form a commission with different actors especially including labor unions,6,Provide India with financial and technical support,Provide India with only financial support,Provide India with only technical support,Leave financial and technical issues to India,4,take minor actions to drastically cut their own emissions,take moderate actions to drastically cut their own emissions,take significant actions to drastically cut their own emissions,3,9169,13149,6250,6858,10700,5958,Eliminate coal use and only use alternative energy sources by 2050,Eliminate coal use and only use renewable energy sources by 2050,Invest in health and education,Implement insurance programs for coal workers if they lose their job,Facilitate training for coal workers to transition to new industries,Facilitate training for coal workers to transition to new industries,Form a commission with different actors especially including civil society groups,Form a commission with different actors especially including businesses,Leave financial and technical issues to India,Provide India with only technical support,take minor actions to drastically cut their own emissions,take minor actions to drastically cut their own emissions,Reduce the use of coal and increase the use of renewable energy sources,Eliminate coal use and only use alternative energy sources by 2050,Implement no additional policy,Try to expand energy access to all citizens,Facilitate training for coal workers to transition to new industries,Facilitate renewable energy industry within coal regions,Form a commission with different actors especially including local government,Form a commission with different actors especially including labor unions,Leave financial and technical issues to India,Provide India with only financial support,take significant actions to drastically cut their own emissions,take minor actions to drastically cut their own emissions,Eliminate coal use and only use alternative energy sources by 2050,Eliminate coal use and only use renewable energy sources by 2050,Try to expand energy access to all citizens,Ensure that energy prices are low,Facilitate renewable energy industry within coal regions,Facilitate training for coal workers to transition to new industries,Lead the process alone,Form a commission with different actors especially including civil society groups,Provide India with only financial support,Provide India with only technical support,take significant actions to drastically cut their own emissions,take moderate actions to drastically cut their own emissions,Reduce the use of coal and increase the use of renewable energy sources,Eliminate coal use and only use renewable energy sources by 2050,Implement insurance programs for coal workers if they lose their job,Invest in health and education,Implement no additional policy,Facilitate restructuring of coal regions based on identity/history of the area,Lead the process alone,Form a commission with different actors especially including local government,Provide India with only financial support,Provide India with only technical support,take moderate actions to drastically cut their own emissions,take moderate actions to drastically cut their own emissions,Eliminate coal use and only use renewable energy sources by 2050,Eliminate coal use and only use renewable energy sources by 2050,Implement insurance programs for coal workers if they lose their job,Implement insurance programs for coal workers if they lose their job,Facilitate training for coal workers to transition to new industries,Implement no additional policy,Form a commission with different actors especially including labor unions,Lead the process alone,Leave financial and technical issues to India,Provide India with only financial support,take moderate actions to drastically cut their own emissions,take minor actions to drastically cut their own emissions,Eliminate coal use and only use renewable energy sources by 2050,Reduce the use of coal and increase the use of renewable energy sources,Ensure that energy prices are low,Invest in health and education,Facilitate training for coal workers to transition to new industries,Facilitate renewable energy industry within coal regions,Form a commission with different actors especially including businesses,Form a commission with different actors especially including civil society groups,Provide India with only technical support,Provide India with only financial support,take moderate actions to drastically cut their own emissions,take moderate actions to drastically cut their own emissions,1,2,2,2,1,0,6,2,3,2,2,4,3,3,7,4,1,5,0,11400,34500,42000,49500,58500,69900,85200,111000,178500,3,8
8/25/2023 16:40,8/25/2023 16:42,IP Address,131.220.115.229,100,134,TRUE,8/25/2023 16:42,R_ZkjFVnCCh9Y26Yh,,,,,50.7263,7.0932,anonymous,EN,Chrome,116.0.0.0,Windows NT 10.0,1920x1080,"Yes, I hereby give my consent.",Dadra and Nagar Haveli and Daman & Diu,24,Female,Nuclear Power,Somewhat unfamiliar,Neutral,No,Yes,Yes,Somewhat supportive,A,Like,Dislike,B,Like,Strongly Like,A,Like,Somewhat Like,A,Somewhat Like,Somewhat Dislike,B,Strongly Like,Somewhat Like,A,Like,Somewhat Dislike,Not at all important,Moderately important,Very important,Slightly important,Somewhat disagree,Agree,Strongly agree,1,₹${e://Field/income_4} - ₹${e://Field/income_5},123,erg,5,,https://die.fra1.qualtrics.com/jfe/form/SV_3xZ7TlIpbocdeHc,,5,24,3,1920x1080,1.69E+12,1,treated,,Reduce the use of coal and increase the use of all alternative energy sources,Reduce the use of coal and increase the use of renewable energy sources,Eliminate coal use and only use alternative energy sources by 2050,Eliminate coal use and only use renewable energy sources by 2050,4,Implement no additional policy,Try to expand energy access to all citizens,Ensure that energy prices are low,Implement insurance programs for coal workers if they lose their job,Invest in health and education,5,Implement no additional policy,Facilitate training for coal workers to transition to new industries,Facilitate renewable energy industry within coal regions,Facilitate restructuring of coal regions based on identity/history of the area,4,Lead the process alone,Form a commission with different actors especially including local government,Form a commission with different actors especially including civil society groups,Form a commission with different actors especially including researchers,Form a commission with different actors especially including businesses,Form a commission with different actors especially including labor unions,6,Provide India with financial and technical support,Provide India with only financial support,Provide India with only technical support,Leave financial and technical issues to India,4,take minor actions to drastically cut their own emissions,take moderate actions to drastically cut their own emissions,take significant actions to drastically cut their own emissions,3,3878,4364,7685,5399,4588,3802,Eliminate coal use and only use renewable energy sources by 2050,Reduce the use of coal and increase the use of renewable energy sources,Try to expand energy access to all citizens,Implement no additional policy,Facilitate restructuring of coal regions based on identity/history of the area,Facilitate renewable energy industry within coal regions,Lead the process alone,Form a commission with different actors especially including businesses,Provide India with financial and technical support,Provide India with only technical support,take significant actions to drastically cut their own emissions,take minor actions to drastically cut their own emissions,Eliminate coal use and only use renewable energy sources by 2050,Reduce the use of coal and increase the use of renewable energy sources,Implement no additional policy,Implement no additional policy,Facilitate renewable energy industry within coal regions,Facilitate renewable energy industry within coal regions,Form a commission with different actors especially including local government,Form a commission with different actors especially including labor unions,Provide India with financial and technical support,Provide India with only financial support,take significant actions to drastically cut their own emissions,take minor actions to drastically cut their own emissions,Reduce the use of coal and increase the use of all alternative energy sources,Eliminate coal use and only use alternative energy sources by 2050,Invest in health and education,Implement no additional policy,Facilitate restructuring of coal regions based on identity/history of the area,Facilitate training for coal workers to transition to new industries,Form a commission with different actors especially including businesses,Lead the process alone,Provide India with only financial support,Leave financial and technical issues to India,take moderate actions to drastically cut their own emissions,take moderate actions to drastically cut their own emissions,Reduce the use of coal and increase the use of all alternative energy sources,Eliminate coal use and only use alternative energy sources by 2050,Implement no additional policy,Try to expand energy access to all citizens,Facilitate renewable energy industry within coal regions,Implement no additional policy,Form a commission with different actors especially including civil society groups,Form a commission with different actors especially including labor unions,Provide India with only technical support,Leave financial and technical issues to India,take moderate actions to drastically cut their own emissions,take significant actions to drastically cut their own emissions,Reduce the use of coal and increase the use of all alternative energy sources,Reduce the use of coal and increase the use of all alternative energy sources,Implement no additional policy,Implement no additional policy,Facilitate restructuring of coal regions based on identity/history of the area,Facilitate renewable energy industry within coal regions,Form a commission with different actors especially including local government,Form a commission with different actors especially including labor unions,Provide India with only technical support,Leave financial and technical issues to India,take moderate actions to drastically cut their own emissions,take moderate actions to drastically cut their own emissions,Eliminate coal use and only use alternative energy sources by 2050,Eliminate coal use and only use renewable energy sources by 2050,Invest in health and education,Ensure that energy prices are low,Facilitate training for coal workers to transition to new industries,Facilitate restructuring of coal regions based on identity/history of the area,Form a commission with different actors especially including labor unions,Form a commission with different actors especially including civil society groups,Provide India with only financial support,Provide India with only technical support,take moderate actions to drastically cut their own emissions,take minor actions to drastically cut their own emissions,1,2,1,1,2,1,6,6,6,5,7,6,2,7,5,3,5,3,1,3800,11500,14000,16500,19500,23300,28400,37000,59500,1,5
8/25/2023 16:42,8/25/2023 16:46,IP Address,131.220.115.228,100,231,TRUE,8/25/2023 16:46,R_1P0ZCitpzovDzjt,,,,,50.7263,7.0932,anonymous,EN,Safari iPhone,16.1,iPhone,390x844,"Yes, I hereby give my consent.",Dadra and Nagar Haveli and Daman & Diu,31,Other,Wind,Very unfamiliar,Very unfamiliar,I don't want to answer,No,No,Quite unsupportive,None of them,Somewhat Dislike,Somewhat Dislike,A,Like,Dislike,B,Like,Strongly Like,A,Strongly Like,Dislike,B,Strongly Dislike,Strongly Like,B,Somewhat Dislike,Like,Slightly important,Moderately important,Moderately important,Very important,Agree,Somewhat disagree,Neither agree nor disagree,3,₹${e://Field/income_7} - ₹${e://Field/income_8},Ghkl,Ghk,8,,https://die.fra1.qualtrics.com/jfe/form/SV_3xZ7TlIpbocdeHc,,5,31,3,390x844,1.69E+12,1,treated,,Reduce the use of coal and increase the use of all alternative energy sources,Reduce the use of coal and increase the use of renewable energy sources,Eliminate coal use and only use alternative energy sources by 2050,Eliminate coal use and only use renewable energy sources by 2050,4,Implement no additional policy,Try to expand energy access to all citizens,Ensure that energy prices are low,Implement insurance programs for coal workers if they lose their job,Invest in health and education,5,Implement no additional policy,Facilitate training for coal workers to transition to new industries,Facilitate renewable energy industry within coal regions,Facilitate restructuring of coal regions based on identity/history of the area,4,Lead the process alone,Form a commission with different actors especially including local government,Form a commission with different actors especially including civil society groups,Form a commission with different actors especially including researchers,Form a commission with different actors especially including businesses,Form a commission with different actors especially including labor unions,6,Provide India with financial and technical support,Provide India with only financial support,Provide India with only technical support,Leave financial and technical issues to India,4,take minor actions to drastically cut their own emissions,take moderate actions to drastically cut their own emissions,take significant actions to drastically cut their own emissions,3,53391,25449,8207,13239,5807,6007,Reduce the use of coal and increase the use of all alternative energy sources,Reduce the use of coal and increase the use of renewable energy sources,Implement no additional policy,Ensure that energy prices are low,Facilitate training for coal workers to transition to new industries,Facilitate renewable energy industry within coal regions,Form a commission with different actors especially including labor unions,Form a commission with different actors especially including businesses,Leave financial and technical issues to India,Leave financial and technical issues to India,take minor actions to drastically cut their own emissions,take minor actions to drastically cut their own emissions,Eliminate coal use and only use alternative energy sources by 2050,Eliminate coal use and only use renewable energy sources by 2050,Implement no additional policy,Ensure that energy prices are low,Facilitate restructuring of coal regions based on identity/history of the area,Facilitate training for coal workers to transition to new industries,Form a commission with different actors especially including businesses,Form a commission with different actors especially including researchers,Provide India with financial and technical support,Leave financial and technical issues to India,take minor actions to drastically cut their own emissions,take moderate actions to drastically cut their own emissions,Reduce the use of coal and increase the use of all alternative energy sources,Reduce the use of coal and increase the use of renewable energy sources,Try to expand energy access to all citizens,Invest in health and education,Implement no additional policy,Implement no additional policy,Form a commission with different actors especially including businesses,Form a commission with different actors especially including businesses,Leave financial and technical issues to India,Provide India with only financial support,take moderate actions to drastically cut their own emissions,take moderate actions to drastically cut their own emissions,Reduce the use of coal and increase the use of all alternative energy sources,Eliminate coal use and only use alternative energy sources by 2050,Ensure that energy prices are low,Invest in health and education,Facilitate restructuring of coal regions based on identity/history of the area,Implement no additional policy,Form a commission with different actors especially including researchers,Form a commission with different actors especially including businesses,Provide India with only technical support,Leave financial and technical issues to India,take minor actions to drastically cut their own emissions,take moderate actions to drastically cut their own emissions,Reduce the use of coal and increase the use of renewable energy sources,Reduce the use of coal and increase the use of all alternative energy sources,Try to expand energy access to all citizens,Ensure that energy prices are low,Implement no additional policy,Facilitate training for coal workers to transition to new industries,Form a commission with different actors especially including local government,Form a commission with different actors especially including researchers,Provide India with only financial support,Leave financial and technical issues to India,take moderate actions to drastically cut their own emissions,take significant actions to drastically cut their own emissions,Reduce the use of coal and increase the use of renewable energy sources,Eliminate coal use and only use alternative energy sources by 2050,Implement insurance programs for coal workers if they lose their job,Try to expand energy access to all citizens,Implement no additional policy,Facilitate training for coal workers to transition to new industries,Form a commission with different actors especially including businesses,Form a commission with different actors especially including labor unions,Provide India with financial and technical support,Provide India with only technical support,take significant actions to drastically cut their own emissions,take minor actions to drastically cut their own emissions,0,1,2,1,2,2,3,6,6,7,1,3,3,2,7,2,7,6,0,11400,34500,42000,49500,58500,69900,85200,111000,178500,3,8
8/25/2023 16:42,8/25/2023 16:46,IP Address,131.220.115.229,100,252,TRUE,8/25/2023 16:47,R_3PvHku0nlpsL7yk,,,,,50.7263,7.0932,anonymous,EN,Chrome,116.0.0.0,Windows NT 10.0,1920x1080,"Yes, I hereby give my consent.",Ladakh,43,Female,Coal,Quite unfamiliar,Neutral,No,Yes,Yes,Quite unsupportive,A,Strongly Like,Somewhat Like,B,Like,Strongly Like,A,Neutral,Dislike,B,Somewhat Dislike,Like,A,Somewhat Like,Somewhat Dislike,B,Dislike,Somewhat Like,Slightly important,Very important,Extremely important,Very important,Disagree,Somewhat agree,Strongly agree,1,₹${e://Field/income_1} - ₹${e://Field/income_2},dfgj,sd,2,,https://die.fra1.qualtrics.com/jfe/form/SV_3xZ7TlIpbocdeHc,,1,43,3,1920x1080,1.69E+12,1,control,,Reduce the use of coal and increase the use of all alternative energy sources,Reduce the use of coal and increase the use of renewable energy sources,Eliminate coal use and only use alternative energy sources by 2050,Eliminate coal use and only use renewable energy sources by 2050,4,Implement no additional policy,Try to expand energy access to all citizens,Ensure that energy prices are low,Implement insurance programs for coal workers if they lose their job,Invest in health and education,5,Implement no additional policy,Facilitate training for coal workers to transition to new industries,Facilitate renewable energy industry within coal regions,Facilitate restructuring of coal regions based on identity/history of the area,4,Lead the process alone,Form a commission with different actors especially including local government,Form a commission with different actors especially including civil society groups,Form a commission with different actors especially including researchers,Form a commission with different actors especially including businesses,Form a commission with different actors especially including labor unions,6,Provide India with financial and technical support,Provide India with only financial support,Provide India with only technical support,Leave financial and technical issues to India,4,take minor actions to drastically cut their own emissions,take moderate actions to drastically cut their own emissions,take significant actions to drastically cut their own emissions,3,6107,46106,3765,11663,4672,3578,Reduce the use of coal and increase the use of renewable energy sources,Reduce the use of coal and increase the use of renewable energy sources,Implement insurance programs for coal workers if they lose their job,Implement insurance programs for coal workers if they lose their job,Implement no additional policy,Facilitate training for coal workers to transition to new industries,Form a commission with different actors especially including labor unions,Form a commission with different actors especially including local government,Provide India with only financial support,Leave financial and technical issues to India,take significant actions to drastically cut their own emissions,take moderate actions to drastically cut their own emissions,Reduce the use of coal and increase the use of renewable energy sources,Reduce the use of coal and increase the use of renewable energy sources,Ensure that energy prices are low,Implement insurance programs for coal workers if they lose their job,Facilitate renewable energy industry within coal regions,Facilitate renewable energy industry within coal regions,Form a commission with different actors especially including civil society groups,Form a commission with different actors especially including labor unions,Leave financial and technical issues to India,Provide India with only financial support,take minor actions to drastically cut their own emissions,take moderate actions to drastically cut their own emissions,Eliminate coal use and only use renewable energy sources by 2050,Reduce the use of coal and increase the use of renewable energy sources,Ensure that energy prices are low,Implement insurance programs for coal workers if they lose their job,Facilitate restructuring of coal regions based on identity/history of the area,Implement no additional policy,Form a commission with different actors especially including labor unions,Form a commission with different actors especially including labor unions,Provide India with only technical support,Provide India with financial and technical support,take significant actions to drastically cut their own emissions,take minor actions to drastically cut their own emissions,Reduce the use of coal and increase the use of all alternative energy sources,Reduce the use of coal and increase the use of all alternative energy sources,Ensure that energy prices are low,Implement insurance programs for coal workers if they lose their job,Facilitate training for coal workers to transition to new industries,Facilitate training for coal workers to transition to new industries,Form a commission with different actors especially including labor unions,Lead the process alone,Provide India with only technical support,Provide India with financial and technical support,take minor actions to drastically cut their own emissions,take minor actions to drastically cut their own emissions,Reduce the use of coal and increase the use of renewable energy sources,Reduce the use of coal and increase the use of all alternative energy sources,Invest in health and education,Try to expand energy access to all citizens,Implement no additional policy,Facilitate renewable energy industry within coal regions,Form a commission with different actors especially including local government,Form a commission with different actors especially including labor unions,Provide India with only technical support,Leave financial and technical issues to India,take minor actions to drastically cut their own emissions,take minor actions to drastically cut their own emissions,Eliminate coal use and only use renewable energy sources by 2050,Eliminate coal use and only use renewable energy sources by 2050,Implement insurance programs for coal workers if they lose their job,Implement no additional policy,Facilitate renewable energy industry within coal regions,Implement no additional policy,Form a commission with different actors especially including labor unions,Form a commission with different actors especially including civil society groups,Provide India with financial and technical support,Provide India with financial and technical support,take minor actions to drastically cut their own emissions,take moderate actions to drastically cut their own emissions,1,2,1,2,1,2,7,6,4,3,5,2,5,7,2,6,3,5,0,3800,11500,14000,16500,19500,23300,28400,37000,59500,1,2
8/25/2023 16:49,8/25/2023 16:52,IP Address,131.220.115.229,100,194,TRUE,8/25/2023 16:52,R_22GnFaCCVBUKZqP,,,,,50.7263,7.0932,anonymous,EN,Chrome,116.0.0.0,Windows NT 10.0,1920x1080,"Yes, I hereby give my consent.",Tripura,54,Male,Nuclear Power,Neutral,Somewhat familiar,No,Yes,Yes,Somewhat supportive,A,Neutral,Somewhat Dislike,B,Dislike,Somewhat Like,B,Somewhat Dislike,Somewhat Like,A,Like,Somewhat Dislike,A,Like,Dislike,B,Dislike,Somewhat Like,Moderately important,Slightly important,Slightly important,Extremely important,Disagree,Somewhat disagree,Somewhat agree,3,₹${e://Field/income_7} - ₹${e://Field/income_8},23,23,8,,https://die.fra1.qualtrics.com/jfe/form/SV_3xZ7TlIpbocdeHc,,2,54,3,1920x1080,1.69E+12,1,control,,Reduce the use of coal and increase the use of all alternative energy sources,Reduce the use of coal and increase the use of renewable energy sources,Eliminate coal use and only use alternative energy sources by 2050,Eliminate coal use and only use renewable energy sources by 2050,4,Implement no additional policy,Try to expand energy access to all citizens,Ensure that energy prices are low,Implement insurance programs for coal workers if they lose their job,Invest in health and education,5,Implement no additional policy,Facilitate training for coal workers to transition to new industries,Facilitate renewable energy industry within coal regions,Facilitate restructuring of coal regions based on identity/history of the area,4,Lead the process alone,Form a commission with different actors especially including local government,Form a commission with different actors especially including civil society groups,Form a commission with different actors especially including researchers,Form a commission with different actors especially including businesses,Form a commission with different actors especially including labor unions,6,Provide India with financial and technical support,Provide India with only financial support,Provide India with only technical support,Leave financial and technical issues to India,4,take minor actions to drastically cut their own emissions,take moderate actions to drastically cut their own emissions,take significant actions to drastically cut their own emissions,3,2937,3711,3283,4630,5922,4339,Eliminate coal use and only use alternative energy sources by 2050,Eliminate coal use and only use renewable energy sources by 2050,Invest in health and education,Implement no additional policy,Facilitate training for coal workers to transition to new industries,Facilitate restructuring of coal regions based on identity/history of the area,Lead the process alone,Form a commission with different actors especially including civil society groups,Provide India with only technical support,Provide India with only technical support,take moderate actions to drastically cut their own emissions,take moderate actions to drastically cut their own emissions,Reduce the use of coal and increase the use of renewable energy sources,Eliminate coal use and only use renewable energy sources by 2050,Implement no additional policy,Implement insurance programs for coal workers if they lose their job,Facilitate renewable energy industry within coal regions,Implement no additional policy,Lead the process alone,Form a commission with different actors especially including researchers,Provide India with only financial support,Provide India with only financial support,take minor actions to drastically cut their own emissions,take moderate actions to drastically cut their own emissions,Reduce the use of coal and increase the use of all alternative energy sources,Reduce the use of coal and increase the use of renewable energy sources,Implement no additional policy,Try to expand energy access to all citizens,Facilitate restructuring of coal regions based on identity/history of the area,Implement no additional policy,Form a commission with different actors especially including civil society groups,Form a commission with different actors especially including local government,Provide India with financial and technical support,Leave financial and technical issues to India,take significant actions to drastically cut their own emissions,take significant actions to drastically cut their own emissions,Eliminate coal use and only use renewable energy sources by 2050,Eliminate coal use and only use renewable energy sources by 2050,Try to expand energy access to all citizens,Implement no additional policy,Facilitate training for coal workers to transition to new industries,Facilitate training for coal workers to transition to new industries,Form a commission with different actors especially including local government,Lead the process alone,Provide India with only financial support,Leave financial and technical issues to India,take minor actions to drastically cut their own emissions,take minor actions to drastically cut their own emissions,Reduce the use of coal and increase the use of all alternative energy sources,Reduce the use of coal and increase the use of renewable energy sources,Invest in health and education,Implement no additional policy,Facilitate renewable energy industry within coal regions,Facilitate restructuring of coal regions based on identity/history of the area,Form a commission with different actors especially including businesses,Lead the process alone,Provide India with only technical support,Provide India with only financial support,take significant actions to drastically cut their own emissions,take moderate actions to drastically cut their own emissions,Eliminate coal use and only use alternative energy sources by 2050,Reduce the use of coal and increase the use of all alternative energy sources,Ensure that energy prices are low,Ensure that energy prices are low,Implement no additional policy,Implement no additional policy,Form a commission with different actors especially including labor unions,Form a commission with different actors especially including labor unions,Leave financial and technical issues to India,Provide India with only financial support,take minor actions to drastically cut their own emissions,take minor actions to drastically cut their own emissions,1,2,2,1,1,2,4,2,3,6,6,2,3,5,5,3,2,5,0,11400,34500,42000,49500,58500,69900,85200,111000,178500,3,8
8/25/2023 16:52,8/25/2023 16:56,IP Address,131.220.115.228,100,237,TRUE,8/25/2023 16:56,R_XA3YigJ0eYV4g7v,,,,,50.7263,7.0932,anonymous,EN,Safari iPhone,16.1,iPhone,390x844,"Yes, I hereby give my consent.",Uttar Pradesh,43,Male,Coal,Somewhat unfamiliar,Neutral,I don't want to answer,I don't want to answer,No,Quite supportive,B,Like,Neutral,B,Somewhat Dislike,Somewhat Like,A,Like,Strongly Dislike,A,Dislike,Strongly Dislike,A,Somewhat Dislike,Strongly Dislike,B,Somewhat Like,Strongly Like,Moderately important,Moderately important,Slightly important,Very important,Somewhat disagree,Neither agree nor disagree,Neither agree nor disagree,4,₹${e://Field/income_8} - ₹${e://Field/income_9},Dhsh,Sshsh,9,,https://die.fra1.qualtrics.com/jfe/form/SV_3xZ7TlIpbocdeHc,,3,43,3,390,1.69E+12,1,treated,,Reduce the use of coal and increase the use of all alternative energy sources,Reduce the use of coal and increase the use of renewable energy sources,Eliminate coal use and only use alternative energy sources by 2050,Eliminate coal use and only use renewable energy sources by 2050,4,Implement no additional policy,Try to expand energy access to all citizens,Ensure that energy prices are low,Implement insurance programs for coal workers if they lose their job,Invest in health and education,5,Implement no additional policy,Facilitate training for coal workers to transition to new industries,Facilitate renewable energy industry within coal regions,Facilitate restructuring of coal regions based on identity/history of the area,4,Lead the process alone,Form a commission with different actors especially including local government,Form a commission with different actors especially including civil society groups,Form a commission with different actors especially including researchers,Form a commission with different actors especially including businesses,Form a commission with different actors especially including labor unions,6,Provide India with financial and technical support,Provide India with only financial support,Provide India with only technical support,Leave financial and technical issues to India,4,take minor actions to drastically cut their own emissions,take moderate actions to drastically cut their own emissions,take significant actions to drastically cut their own emissions,3,8249,108856,8855,7057,7532,15280,Reduce the use of coal and increase the use of renewable energy sources,Reduce the use of coal and increase the use of all alternative energy sources,Try to expand energy access to all citizens,Ensure that energy prices are low,Implement no additional policy,Implement no additional policy,Form a commission with different actors especially including local government,Form a commission with different actors especially including labor unions,Provide India with only financial support,Provide India with financial and technical support,take significant actions to drastically cut their own emissions,take minor actions to drastically cut their own emissions,Eliminate coal use and only use alternative energy sources by 2050,Reduce the use of coal and increase the use of all alternative energy sources,Implement no additional policy,Implement insurance programs for coal workers if they lose their job,Facilitate restructuring of coal regions based on identity/history of the area,Implement no additional policy,Form a commission with different actors especially including local government,Form a commission with different actors especially including civil society groups,Provide India with only financial support,Provide India with only financial support,take minor actions to drastically cut their own emissions,take minor actions to drastically cut their own emissions,Reduce the use of coal and increase the use of all alternative energy sources,Reduce the use of coal and increase the use of renewable energy sources,Invest in health and education,Try to expand energy access to all citizens,Facilitate renewable energy industry within coal regions,Facilitate training for coal workers to transition to new industries,Form a commission with different actors especially including businesses,Form a commission with different actors especially including local government,Provide India with only technical support,Provide India with only financial support,take moderate actions to drastically cut their own emissions,take minor actions to drastically cut their own emissions,Reduce the use of coal and increase the use of all alternative energy sources,Reduce the use of coal and increase the use of renewable energy sources,Invest in health and education,Implement insurance programs for coal workers if they lose their job,Facilitate renewable energy industry within coal regions,Facilitate training for coal workers to transition to new industries,Lead the process alone,Form a commission with different actors especially including businesses,Provide India with only technical support,Provide India with only financial support,take significant actions to drastically cut their own emissions,take minor actions to drastically cut their own emissions,Reduce the use of coal and increase the use of renewable energy sources,Reduce the use of coal and increase the use of all alternative energy sources,Implement no additional policy,Invest in health and education,Implement no additional policy,Facilitate renewable energy industry within coal regions,Form a commission with different actors especially including businesses,Form a commission with different actors especially including civil society groups,Provide India with only technical support,Leave financial and technical issues to India,take moderate actions to drastically cut their own emissions,take moderate actions to drastically cut their own emissions,Reduce the use of coal and increase the use of renewable energy sources,Reduce the use of coal and increase the use of all alternative energy sources,Invest in health and education,Try to expand energy access to all citizens,Facilitate renewable energy industry within coal regions,Facilitate renewable energy industry within coal regions,Form a commission with different actors especially including businesses,Form a commission with different actors especially including local government,Provide India with only financial support,Provide India with only technical support,take minor actions to drastically cut their own emissions,take significant actions to drastically cut their own emissions,2,2,1,1,1,2,6,3,6,2,3,5,4,5,1,1,1,7,1,15200,46000,56000,66000,78000,93200,113600,148000,238000,4,9
8/25/2023 16:56,8/25/2023 16:58,IP Address,131.220.115.228,100,145,TRUE,8/25/2023 16:58,R_33a6w49BXLJd9AI,,,,,50.7263,7.0932,anonymous,EN,Safari iPhone,16.1,iPhone,390x844,"Yes, I hereby give my consent.",Puducherry,54,Female,Gas,Somewhat unfamiliar,Quite familiar,No,Yes,No,Somewhat supportive,A,Strongly Like,Neutral,A,Like,Like,A,Strongly Like,Neutral,B,Strongly Dislike,Neutral,A,Neutral,Dislike,A,Strongly Like,Neutral,Moderately important,Moderately important,Very important,Very important,Neither agree nor disagree,Neither agree nor disagree,Somewhat disagree,3,₹${e://Field/income_6} - ₹${e://Field/income_7},Dhdh,Dhdhd,7,,https://die.fra1.qualtrics.com/jfe/form/SV_3xZ7TlIpbocdeHc,,6,54,3,390,1.69E+12,1,treated,,Reduce the use of coal and increase the use of all alternative energy sources,Reduce the use of coal and increase the use of renewable energy sources,Eliminate coal use and only use alternative energy sources by 2050,Eliminate coal use and only use renewable energy sources by 2050,4,Implement no additional policy,Try to expand energy access to all citizens,Ensure that energy prices are low,Implement insurance programs for coal workers if they lose their job,Invest in health and education,5,Implement no additional policy,Facilitate training for coal workers to transition to new industries,Facilitate renewable energy industry within coal regions,Facilitate restructuring of coal regions based on identity/history of the area,4,Lead the process alone,Form a commission with different actors especially including local government,Form a commission with different actors especially including civil society groups,Form a commission with different actors especially including researchers,Form a commission with different actors especially including businesses,Form a commission with different actors especially including labor unions,6,Provide India with financial and technical support,Provide India with only financial support,Provide India with only technical support,Leave financial and technical issues to India,4,take minor actions to drastically cut their own emissions,take moderate actions to drastically cut their own emissions,take significant actions to drastically cut their own emissions,3,6799,7054,6556,6724,11828,8804,Reduce the use of coal and increase the use of renewable energy sources,Eliminate coal use and only use renewable energy sources by 2050,Implement insurance programs for coal workers if they lose their job,Implement insurance programs for coal workers if they lose their job,Facilitate restructuring of coal regions based on identity/history of the area,Facilitate renewable energy industry within coal regions,Form a commission with different actors especially including researchers,Form a commission with different actors especially including civil society groups,Provide India with only technical support,Leave financial and technical issues to India,take minor actions to drastically cut their own emissions,take minor actions to drastically cut their own emissions,Eliminate coal use and only use renewable energy sources by 2050,Reduce the use of coal and increase the use of all alternative energy sources,Invest in health and education,Implement no additional policy,Facilitate renewable energy industry within coal regions,Facilitate restructuring of coal regions based on identity/history of the area,Form a commission with different actors especially including civil society groups,Form a commission with different actors especially including businesses,Provide India with only financial support,Provide India with only technical support,take significant actions to drastically cut their own emissions,take moderate actions to drastically cut their own emissions,Eliminate coal use and only use renewable energy sources by 2050,Eliminate coal use and only use alternative energy sources by 2050,Implement no additional policy,Implement no additional policy,Implement no additional policy,Facilitate training for coal workers to transition to new industries,Form a commission with different actors especially including businesses,Form a commission with different actors especially including labor unions,Provide India with only technical support,Provide India with only financial support,take significant actions to drastically cut their own emissions,take significant actions to drastically cut their own emissions,Eliminate coal use and only use renewable energy sources by 2050,Reduce the use of coal and increase the use of all alternative energy sources,Ensure that energy prices are low,Invest in health and education,Facilitate training for coal workers to transition to new industries,Facilitate renewable energy industry within coal regions,Form a commission with different actors especially including labor unions,Form a commission with different actors especially including local government,Provide India with only technical support,Provide India with financial and technical support,take significant actions to drastically cut their own emissions,take moderate actions to drastically cut their own emissions,Reduce the use of coal and increase the use of all alternative energy sources,Reduce the use of coal and increase the use of renewable energy sources,Invest in health and education,Implement insurance programs for coal workers if they lose their job,Facilitate renewable energy industry within coal regions,Facilitate training for coal workers to transition to new industries,Form a commission with different actors especially including businesses,Form a commission with different actors especially including researchers,Leave financial and technical issues to India,Provide India with only technical support,take minor actions to drastically cut their own emissions,take significant actions to drastically cut their own emissions,Eliminate coal use and only use alternative energy sources by 2050,Eliminate coal use and only use renewable energy sources by 2050,Ensure that energy prices are low,Ensure that energy prices are low,Facilitate training for coal workers to transition to new industries,Facilitate training for coal workers to transition to new industries,Form a commission with different actors especially including businesses,Lead the process alone,Leave financial and technical issues to India,Provide India with only technical support,take significant actions to drastically cut their own emissions,take moderate actions to drastically cut their own emissions,1,1,1,2,1,1,7,6,7,1,4,7,4,6,4,4,2,4,0,11400,34500,42000,49500,58500,69900,85200,111000,178500,3,7
8/25/2023 16:59,8/25/2023 17:02,IP Address,131.220.115.228,100,150,TRUE,8/25/2023 17:02,R_3KVDqqhwubtxWn3,,,,,50.7263,7.0932,anonymous,EN,Safari iPhone,16.1,iPhone,390x844,"Yes, I hereby give my consent.",Tripura,25,Male,Gas,Quite unfamiliar,Quite unfamiliar,No,Yes,No,Quite unsupportive,A,Dislike,Strongly Dislike,A,Neutral,Strongly Dislike,B,Like,Strongly Like,B,Strongly Like,Strongly Like,A,Like,Somewhat Like,B,Like,Strongly Like,Very important,Moderately important,Extremely important,Moderately important,Somewhat disagree,Somewhat disagree,Neither agree nor disagree,2,₹${e://Field/income_3} - ₹${e://Field/income_4},12,Ffgg,4,,https://die.fra1.qualtrics.com/jfe/form/SV_3xZ7TlIpbocdeHc,,2,25,3,390,1.69E+12,1,control,,Reduce the use of coal and increase the use of all alternative energy sources,Reduce the use of coal and increase the use of renewable energy sources,Eliminate coal use and only use alternative energy sources by 2050,Eliminate coal use and only use renewable energy sources by 2050,4,Implement no additional policy,Try to expand energy access to all citizens,Ensure that energy prices are low,Implement insurance programs for coal workers if they lose their job,Invest in health and education,5,Implement no additional policy,Facilitate training for coal workers to transition to new industries,Facilitate renewable energy industry within coal regions,Facilitate restructuring of coal regions based on identity/history of the area,4,Lead the process alone,Form a commission with different actors especially including local government,Form a commission with different actors especially including civil society groups,Form a commission with different actors especially including researchers,Form a commission with different actors especially including businesses,Form a commission with different actors especially including labor unions,6,Provide India with financial and technical support,Provide India with only financial support,Provide India with only technical support,Leave financial and technical issues to India,4,take minor actions to drastically cut their own emissions,take moderate actions to drastically cut their own emissions,take significant actions to drastically cut their own emissions,3,8592,5981,9567,5961,6657,8152,Eliminate coal use and only use alternative energy sources by 2050,Eliminate coal use and only use alternative energy sources by 2050,Ensure that energy prices are low,Implement no additional policy,Implement no additional policy,Facilitate training for coal workers to transition to new industries,Form a commission with different actors especially including civil society groups,Form a commission with different actors especially including civil society groups,Provide India with only financial support,Provide India with only financial support,take significant actions to drastically cut their own emissions,take moderate actions to drastically cut their own emissions,Eliminate coal use and only use alternative energy sources by 2050,Reduce the use of coal and increase the use of all alternative energy sources,Invest in health and education,Invest in health and education,Facilitate training for coal workers to transition to new industries,Facilitate renewable energy industry within coal regions,Form a commission with different actors especially including businesses,Lead the process alone,Provide India with only technical support,Provide India with only financial support,take minor actions to drastically cut their own emissions,take minor actions to drastically cut their own emissions,Eliminate coal use and only use alternative energy sources by 2050,Eliminate coal use and only use alternative energy sources by 2050,Try to expand energy access to all citizens,Implement no additional policy,Implement no additional policy,Facilitate training for coal workers to transition to new industries,Form a commission with different actors especially including researchers,Form a commission with different actors especially including researchers,Provide India with financial and technical support,Provide India with financial and technical support,take significant actions to drastically cut their own emissions,take minor actions to drastically cut their own emissions,Reduce the use of coal and increase the use of renewable energy sources,Reduce the use of coal and increase the use of renewable energy sources,Invest in health and education,Implement no additional policy,Facilitate restructuring of coal regions based on identity/history of the area,Implement no additional policy,Form a commission with different actors especially including labor unions,Form a commission with different actors especially including researchers,Leave financial and technical issues to India,Leave financial and technical issues to India,take significant actions to drastically cut their own emissions,take significant actions to drastically cut their own emissions,Eliminate coal use and only use alternative energy sources by 2050,Reduce the use of coal and increase the use of renewable energy sources,Implement no additional policy,Implement no additional policy,Implement no additional policy,Implement no additional policy,Form a commission with different actors especially including civil society groups,Form a commission with different actors especially including businesses,Provide India with only technical support,Provide India with only technical support,take moderate actions to drastically cut their own emissions,take moderate actions to drastically cut their own emissions,Eliminate coal use and only use alternative energy sources by 2050,Reduce the use of coal and increase the use of renewable energy sources,Try to expand energy access to all citizens,Try to expand energy access to all citizens,Facilitate training for coal workers to transition to new industries,Facilitate training for coal workers to transition to new industries,Form a commission with different actors especially including local government,Form a commission with different actors especially including businesses,Provide India with only financial support,Provide India with only technical support,take moderate actions to drastically cut their own emissions,take significant actions to drastically cut their own emissions,1,1,2,2,1,2,2,4,6,7,6,6,1,1,7,7,5,7,0,7600,23000,28000,33000,39000,46600,56800,74000,119000,2,4
